<?xml version="1.0" encoding="UTF-8"?>
<metadata xml:lang="de"><Esri><CreaDate>20180921</CreaDate><CreaTime>14544300</CreaTime><ArcGISFormat>1.0</ArcGISFormat><SyncOnce>TRUE</SyncOnce><DataProperties><lineage><Process ToolSource="c:\program files (x86)\arcgis\desktop10.1\ArcToolbox\Toolboxes\Data Management Tools.tbx\CalculateField" Date="20140707" Time="160830">CalculateField LC_IMPACT_CF HH_AVG "[WSI_1] / [WSI_AVG] * [HH]" VB #</Process><Process ToolSource="c:\program files (x86)\arcgis\desktop10.1\ArcToolbox\Toolboxes\Data Management Tools.tbx\CalculateField" Date="20140707" Time="161510">CalculateField LC_IMPACT_CF HH_AVG " [WSI_AVG] * [HH] / [WSI_1] " VB #</Process><Process ToolSource="c:\program files (x86)\arcgis\desktop10.4\ArcToolbox\Toolboxes\Data Management Tools.tbx\CalculateField" Date="20180921" Time="144733">CalculateField CF_waterConsumption_HumanHealth CF_marginal [HH]/1000000000 VB #</Process><Process ToolSource="c:\program files (x86)\arcgis\desktop10.4\ArcToolbox\Toolboxes\Data Management Tools.tbx\CalculateField" Date="20180921" Time="144815">CalculateField CF_waterConsumption_HumanHealth CF_average "[HH_AVG] /1000000000" VB #</Process><Process ToolSource="c:\program files (x86)\arcgis\desktop10.4\ArcToolbox\Toolboxes\Data Management Tools.tbx\CalculateField" Date="20180921" Time="144846">CalculateField CF_waterConsumption_HumanHealth CF_marginal "[HH] /1000000000" VB #</Process><Process ToolSource="c:\program files (x86)\arcgis\desktop10.4\ArcToolbox\Toolboxes\Data Management Tools.tbx\CalculateField" Date="20180921" Time="144907">CalculateField CF_waterConsumption_HumanHealth CF_average "[HH_AVG] /1000000000" VB #</Process></lineage><itemProps><itemLocation><linkage Sync="TRUE">file://\\NTNU03009\E$\GIS10\LC-Impact_AUG2018.gdb</linkage><protocol Sync="TRUE">Local Area Network</protocol></itemLocation></itemProps></DataProperties></Esri></metadata>
